<sixx sixx.version="1.0">
	<sixx.object sixx.id="0" sixx.type="DaskalosProject" >
		<sixx.object sixx.id="1" sixx.name="name" sixx.type="String" >letenky</sixx.object>
		<sixx.object sixx.id="2" sixx.name="author" sixx.type="String" >Jan Kola&#345;&#237;k</sixx.object>
		<sixx.object sixx.id="3" sixx.name="description" sixx.type="String" ></sixx.object>
		<sixx.object sixx.id="4" sixx.name="workspaceVariables" sixx.type="Dictionary" >
			<sixx.object sixx.id="5" sixx.type="Association" >
				<sixx.object sixx.id="6" sixx.name="key" sixx.type="Symbol" >LetenkySet</sixx.object>
				<sixx.object sixx.id="7" sixx.name="value" sixx.type="Set" >
					<sixx.object sixx.id="8" sixx.type="Letenka" >
						<sixx.object sixx.id="9" sixx.name="cislo" sixx.type="SmallInteger" >10010032</sixx.object>
						<sixx.object sixx.id="10" sixx.name="spoj" sixx.type="Let" >
							<sixx.object sixx.id="11" sixx.name="cislo" sixx.type="SmallInteger" >779514</sixx.object>
							<sixx.object sixx.id="12" sixx.name="zLetiste" sixx.type="Letiste" >
								<sixx.object sixx.id="13" sixx.name="kod" sixx.type="String" >JFK</sixx.object>
								<sixx.object sixx.id="14" sixx.name="nazev" sixx.type="String" >Mezin&#225;rodn&#237; leti&#353;te Johna F. Kennedyho</sixx.object>
								<sixx.object sixx.id="15" sixx.name="mesto" sixx.type="String" >New York</sixx.object>
							</sixx.object>
							<sixx.object sixx.id="16" sixx.name="naLetiste" sixx.type="Letiste" >
								<sixx.object sixx.id="17" sixx.name="kod" sixx.type="String" >LHR</sixx.object>
								<sixx.object sixx.id="18" sixx.name="nazev" sixx.type="String" >Leti&#353;te London Heathrow</sixx.object>
								<sixx.object sixx.id="19" sixx.name="mesto" sixx.type="String" >London</sixx.object>
							</sixx.object>
							<sixx.object sixx.id="20" sixx.name="datumOdletu" sixx.type="Date" >15 November 2023</sixx.object>
							<sixx.object sixx.id="21" sixx.name="casOdletu" sixx.type="SmallInteger" >1700</sixx.object>
							<sixx.object sixx.id="22" sixx.name="datumPriletu" sixx.type="Date" >16 November 2023</sixx.object>
							<sixx.object sixx.id="23" sixx.name="casPriletu" sixx.type="SmallInteger" >1100</sixx.object>
							<sixx.object sixx.id="24" sixx.name="zpozdeniMinuty" sixx.type="UndefinedObject" >nil</sixx.object>
						</sixx.object>
						<sixx.object sixx.id="25" sixx.name="rezervovaneMisto" sixx.type="Sedadlo" >
							<sixx.object sixx.id="26" sixx.name="oznaceni" sixx.type="String" >C01</sixx.object>
							<sixx.object sixx.id="27" sixx.name="trida" sixx.type="String" >economy</sixx.object>
							<sixx.object sixx.id="28" sixx.name="uDveri" sixx.type="SmallInteger" >1</sixx.object>
						</sixx.object>
						<sixx.object sixx.id="29" sixx.name="cena" sixx.type="SmallInteger" >2200</sixx.object>
						<sixx.object sixx.id="30" sixx.name="patri" sixx.type="Cestujici" >
							<sixx.object sixx.id="31" sixx.name="jmeno" sixx.type="String" >Jakub</sixx.object>
							<sixx.object sixx.id="32" sixx.name="prijmeni" sixx.type="String" >Dvo&#345;&#225;k</sixx.object>
							<sixx.object sixx.id="33" sixx.name="datumNarozeni" sixx.type="Date" >29 November 1996</sixx.object>
							<sixx.object sixx.id="34" sixx.name="stat" sixx.type="String" >&#268;esk&#225; republika</sixx.object>
							<sixx.object sixx.id="35" sixx.name="cisloDokladu" sixx.type="LargePositiveInteger" >989156123</sixx.object>
						</sixx.object>
						<sixx.object sixx.id="36" sixx.name="pocetZavazadel" sixx.type="SmallInteger" >0</sixx.object>
						<sixx.object sixx.idref="28" sixx.name="prednostniNastup" ></sixx.object>
					</sixx.object>
					<sixx.object sixx.id="37" sixx.type="Letenka" >
						<sixx.object sixx.id="38" sixx.name="cislo" sixx.type="SmallInteger" >100077842</sixx.object>
						<sixx.object sixx.id="39" sixx.name="spoj" sixx.type="Let" >
							<sixx.object sixx.id="40" sixx.name="cislo" sixx.type="SmallInteger" >564120</sixx.object>
							<sixx.object sixx.id="41" sixx.name="zLetiste" sixx.type="Letiste" >
								<sixx.object sixx.id="42" sixx.name="kod" sixx.type="String" >BTS</sixx.object>
								<sixx.object sixx.id="43" sixx.name="nazev" sixx.type="String" >Leti&#353;te Bratislava</sixx.object>
								<sixx.object sixx.id="44" sixx.name="mesto" sixx.type="String" >Bratislava</sixx.object>
							</sixx.object>
							<sixx.object sixx.id="45" sixx.name="naLetiste" sixx.type="Letiste" >
								<sixx.object sixx.id="46" sixx.name="kod" sixx.type="String" >PMI</sixx.object>
								<sixx.object sixx.id="47" sixx.name="nazev" sixx.type="String" >Leti&#353;te Palma de Mallorca</sixx.object>
								<sixx.object sixx.id="48" sixx.name="mesto" sixx.type="String" >Mallorca</sixx.object>
							</sixx.object>
							<sixx.object sixx.id="49" sixx.name="datumOdletu" sixx.type="Date" >8 August 2023</sixx.object>
							<sixx.object sixx.id="50" sixx.name="casOdletu" sixx.type="SmallInteger" >1615</sixx.object>
							<sixx.object sixx.id="51" sixx.name="datumPriletu" sixx.type="Date" >8 January 2023</sixx.object>
							<sixx.object sixx.id="52" sixx.name="casPriletu" sixx.type="SmallInteger" >2000</sixx.object>
							<sixx.object sixx.idref="24" sixx.name="zpozdeniMinuty" ></sixx.object>
						</sixx.object>
						<sixx.object sixx.id="53" sixx.name="rezervovaneMisto" sixx.type="Sedadlo" >
							<sixx.object sixx.id="54" sixx.name="oznaceni" sixx.type="String" >B42</sixx.object>
							<sixx.object sixx.id="55" sixx.name="trida" sixx.type="String" >economy</sixx.object>
							<sixx.object sixx.idref="28" sixx.name="uDveri" ></sixx.object>
						</sixx.object>
						<sixx.object sixx.id="56" sixx.name="cena" sixx.type="SmallInteger" >8000</sixx.object>
						<sixx.object sixx.id="57" sixx.name="patri" sixx.type="Cestujici" >
							<sixx.object sixx.id="58" sixx.name="jmeno" sixx.type="String" >Eva</sixx.object>
							<sixx.object sixx.id="59" sixx.name="prijmeni" sixx.type="String" >Pokorn&#225;</sixx.object>
							<sixx.object sixx.id="60" sixx.name="datumNarozeni" sixx.type="Date" >10 February 1956</sixx.object>
							<sixx.object sixx.id="61" sixx.name="stat" sixx.type="String" >&#268;esk&#225; republika</sixx.object>
							<sixx.object sixx.id="62" sixx.name="cisloDokladu" sixx.type="SmallInteger" >286121475</sixx.object>
						</sixx.object>
						<sixx.object sixx.id="63" sixx.name="pocetZavazadel" sixx.type="SmallInteger" >2</sixx.object>
						<sixx.object sixx.idref="36" sixx.name="prednostniNastup" ></sixx.object>
					</sixx.object>
					<sixx.object sixx.id="64" sixx.type="Letenka" >
						<sixx.object sixx.id="65" sixx.name="cislo" sixx.type="SmallInteger" >100052346</sixx.object>
						<sixx.object sixx.id="66" sixx.name="spoj" sixx.type="Let" >
							<sixx.object sixx.id="67" sixx.name="cislo" sixx.type="SmallInteger" >891003</sixx.object>
							<sixx.object sixx.id="68" sixx.name="zLetiste" sixx.type="Letiste" >
								<sixx.object sixx.id="69" sixx.name="kod" sixx.type="String" >RHO</sixx.object>
								<sixx.object sixx.id="70" sixx.name="nazev" sixx.type="String" >Letisko Rodos Diagoras</sixx.object>
								<sixx.object sixx.id="71" sixx.name="mesto" sixx.type="String" >Rodos</sixx.object>
							</sixx.object>
							<sixx.object sixx.idref="41" sixx.name="naLetiste" ></sixx.object>
							<sixx.object sixx.id="72" sixx.name="datumOdletu" sixx.type="Date" >22 November 2022</sixx.object>
							<sixx.object sixx.id="73" sixx.name="casOdletu" sixx.type="SmallInteger" >1800</sixx.object>
							<sixx.object sixx.id="74" sixx.name="datumPriletu" sixx.type="Date" >22 November 2022</sixx.object>
							<sixx.object sixx.id="75" sixx.name="casPriletu" sixx.type="SmallInteger" >2350</sixx.object>
							<sixx.object sixx.id="76" sixx.name="zpozdeniMinuty" sixx.type="SmallInteger" >210</sixx.object>
						</sixx.object>
						<sixx.object sixx.id="77" sixx.name="rezervovaneMisto" sixx.type="Sedadlo" >
							<sixx.object sixx.id="78" sixx.name="oznaceni" sixx.type="String" >C22</sixx.object>
							<sixx.object sixx.id="79" sixx.name="trida" sixx.type="String" >economy</sixx.object>
							<sixx.object sixx.idref="36" sixx.name="uDveri" ></sixx.object>
						</sixx.object>
						<sixx.object sixx.id="80" sixx.name="cena" sixx.type="SmallInteger" >3500</sixx.object>
						<sixx.object sixx.id="81" sixx.name="patri" sixx.type="Cestujici" >
							<sixx.object sixx.id="82" sixx.name="jmeno" sixx.type="String" >Tatiana</sixx.object>
							<sixx.object sixx.id="83" sixx.name="prijmeni" sixx.type="String" >Metod</sixx.object>
							<sixx.object sixx.id="84" sixx.name="datumNarozeni" sixx.type="Date" >12 September 1999</sixx.object>
							<sixx.object sixx.id="85" sixx.name="stat" sixx.type="String" >Slovensko</sixx.object>
							<sixx.object sixx.id="86" sixx.name="cisloDokladu" sixx.type="LargePositiveInteger" >786151023</sixx.object>
						</sixx.object>
						<sixx.object sixx.idref="28" sixx.name="pocetZavazadel" ></sixx.object>
						<sixx.object sixx.idref="36" sixx.name="prednostniNastup" ></sixx.object>
					</sixx.object>
					<sixx.object sixx.id="87" sixx.type="Letenka" >
						<sixx.object sixx.id="88" sixx.name="cislo" sixx.type="SmallInteger" >100044874</sixx.object>
						<sixx.object sixx.id="89" sixx.name="spoj" sixx.type="Let" >
							<sixx.object sixx.id="90" sixx.name="cislo" sixx.type="SmallInteger" >109507</sixx.object>
							<sixx.object sixx.idref="68" sixx.name="zLetiste" ></sixx.object>
							<sixx.object sixx.id="91" sixx.name="naLetiste" sixx.type="Letiste" >
								<sixx.object sixx.id="92" sixx.name="kod" sixx.type="String" >PRG</sixx.object>
								<sixx.object sixx.id="93" sixx.name="nazev" sixx.type="String" >Leti&#353;t&#283; V&#225;clava Havla Praha</sixx.object>
								<sixx.object sixx.id="94" sixx.name="mesto" sixx.type="String" >Praha</sixx.object>
							</sixx.object>
							<sixx.object sixx.id="95" sixx.name="datumOdletu" sixx.type="Date" >2 February 2023</sixx.object>
							<sixx.object sixx.id="96" sixx.name="casOdletu" sixx.type="SmallInteger" >1030</sixx.object>
							<sixx.object sixx.id="97" sixx.name="datumPriletu" sixx.type="Date" >2 February 2023</sixx.object>
							<sixx.object sixx.id="98" sixx.name="casPriletu" sixx.type="SmallInteger" >1520</sixx.object>
							<sixx.object sixx.id="99" sixx.name="zpozdeniMinuty" sixx.type="SmallInteger" >10</sixx.object>
						</sixx.object>
						<sixx.object sixx.id="100" sixx.name="rezervovaneMisto" sixx.type="Sedadlo" >
							<sixx.object sixx.id="101" sixx.name="oznaceni" sixx.type="String" >Z02</sixx.object>
							<sixx.object sixx.id="102" sixx.name="trida" sixx.type="String" >firstClass</sixx.object>
							<sixx.object sixx.idref="36" sixx.name="uDveri" ></sixx.object>
						</sixx.object>
						<sixx.object sixx.id="103" sixx.name="cena" sixx.type="SmallInteger" >5000</sixx.object>
						<sixx.object sixx.idref="30" sixx.name="patri" ></sixx.object>
						<sixx.object sixx.idref="28" sixx.name="pocetZavazadel" ></sixx.object>
						<sixx.object sixx.idref="28" sixx.name="prednostniNastup" ></sixx.object>
					</sixx.object>
					<sixx.object sixx.id="104" sixx.type="Letenka" >
						<sixx.object sixx.id="105" sixx.name="cislo" sixx.type="SmallInteger" >100068502</sixx.object>
						<sixx.object sixx.id="106" sixx.name="spoj" sixx.type="Let" >
							<sixx.object sixx.idref="90" sixx.name="cislo" ></sixx.object>
							<sixx.object sixx.idref="91" sixx.name="zLetiste" ></sixx.object>
							<sixx.object sixx.id="107" sixx.name="naLetiste" sixx.type="Letiste" >
								<sixx.object sixx.id="108" sixx.name="kod" sixx.type="String" >AMS</sixx.object>
								<sixx.object sixx.id="109" sixx.name="nazev" sixx.type="String" >Amsterdam Airport Schiphol</sixx.object>
								<sixx.object sixx.id="110" sixx.name="mesto" sixx.type="String" >Amsterdam</sixx.object>
							</sixx.object>
							<sixx.object sixx.id="111" sixx.name="datumOdletu" sixx.type="Date" >20 January 2023</sixx.object>
							<sixx.object sixx.id="112" sixx.name="casOdletu" sixx.type="SmallInteger" >1400</sixx.object>
							<sixx.object sixx.id="113" sixx.name="datumPriletu" sixx.type="Date" >20 January 2023</sixx.object>
							<sixx.object sixx.id="114" sixx.name="casPriletu" sixx.type="SmallInteger" >1630</sixx.object>
							<sixx.object sixx.idref="36" sixx.name="zpozdeniMinuty" ></sixx.object>
						</sixx.object>
						<sixx.object sixx.id="115" sixx.name="rezervovaneMisto" sixx.type="Sedadlo" >
							<sixx.object sixx.id="116" sixx.name="oznaceni" sixx.type="String" >C30</sixx.object>
							<sixx.object sixx.id="117" sixx.name="trida" sixx.type="String" >economy</sixx.object>
							<sixx.object sixx.idref="36" sixx.name="uDveri" ></sixx.object>
						</sixx.object>
						<sixx.object sixx.id="118" sixx.name="cena" sixx.type="SmallInteger" >4600</sixx.object>
						<sixx.object sixx.id="119" sixx.name="patri" sixx.type="Cestujici" >
							<sixx.object sixx.id="120" sixx.name="jmeno" sixx.type="String" >Jan</sixx.object>
							<sixx.object sixx.id="121" sixx.name="prijmeni" sixx.type="String" >Nov&#225;k</sixx.object>
							<sixx.object sixx.id="122" sixx.name="datumNarozeni" sixx.type="Date" >18 September 1996</sixx.object>
							<sixx.object sixx.id="123" sixx.name="stat" sixx.type="String" >&#268;esk&#225; republika</sixx.object>
							<sixx.object sixx.id="124" sixx.name="cisloDokladu" sixx.type="LargePositiveInteger" >984106330</sixx.object>
						</sixx.object>
						<sixx.object sixx.idref="28" sixx.name="pocetZavazadel" ></sixx.object>
						<sixx.object sixx.idref="36" sixx.name="prednostniNastup" ></sixx.object>
					</sixx.object>
				</sixx.object>
			</sixx.object>
			<sixx.object sixx.id="125" sixx.type="Association" >
				<sixx.object sixx.id="126" sixx.name="key" sixx.type="Symbol" >LetySet</sixx.object>
				<sixx.object sixx.id="127" sixx.name="value" sixx.type="Set" >
					<sixx.object sixx.idref="66" ></sixx.object>
					<sixx.object sixx.idref="89" ></sixx.object>
					<sixx.object sixx.id="128" sixx.type="Let" >
						<sixx.object sixx.id="129" sixx.name="cislo" sixx.type="SmallInteger" >451230</sixx.object>
						<sixx.object sixx.idref="68" sixx.name="zLetiste" ></sixx.object>
						<sixx.object sixx.id="130" sixx.name="naLetiste" sixx.type="Letiste" >
							<sixx.object sixx.id="131" sixx.name="kod" sixx.type="String" >DXB</sixx.object>
							<sixx.object sixx.id="132" sixx.name="nazev" sixx.type="String" >Dubai International Airport</sixx.object>
							<sixx.object sixx.id="133" sixx.name="mesto" sixx.type="String" >Dubai</sixx.object>
						</sixx.object>
						<sixx.object sixx.id="134" sixx.name="datumOdletu" sixx.type="Date" >29 January 2023</sixx.object>
						<sixx.object sixx.id="135" sixx.name="casOdletu" sixx.type="SmallInteger" >900</sixx.object>
						<sixx.object sixx.id="136" sixx.name="datumPriletu" sixx.type="Date" >29 January 2023</sixx.object>
						<sixx.object sixx.id="137" sixx.name="casPriletu" sixx.type="SmallInteger" >1500</sixx.object>
						<sixx.object sixx.id="138" sixx.name="zpozdeniMinuty" sixx.type="SmallInteger" >50</sixx.object>
					</sixx.object>
					<sixx.object sixx.id="139" sixx.type="Let" >
						<sixx.object sixx.id="140" sixx.name="cislo" sixx.type="SmallInteger" >9023153</sixx.object>
						<sixx.object sixx.idref="45" sixx.name="zLetiste" ></sixx.object>
						<sixx.object sixx.idref="16" sixx.name="naLetiste" ></sixx.object>
						<sixx.object sixx.id="141" sixx.name="datumOdletu" sixx.type="Date" >12 December 2022</sixx.object>
						<sixx.object sixx.id="142" sixx.name="casOdletu" sixx.type="SmallInteger" >1900</sixx.object>
						<sixx.object sixx.id="143" sixx.name="datumPriletu" sixx.type="Date" >13 December 2022</sixx.object>
						<sixx.object sixx.id="144" sixx.name="casPriletu" sixx.type="SmallInteger" >2345</sixx.object>
						<sixx.object sixx.idref="36" sixx.name="zpozdeniMinuty" ></sixx.object>
					</sixx.object>
					<sixx.object sixx.idref="10" ></sixx.object>
					<sixx.object sixx.idref="39" ></sixx.object>
					<sixx.object sixx.id="145" sixx.type="Let" >
						<sixx.object sixx.id="146" sixx.name="cislo" sixx.type="SmallInteger" >550210</sixx.object>
						<sixx.object sixx.idref="91" sixx.name="zLetiste" ></sixx.object>
						<sixx.object sixx.id="147" sixx.name="naLetiste" sixx.type="Letiste" >
							<sixx.object sixx.id="148" sixx.name="kod" sixx.type="String" >SPU</sixx.object>
							<sixx.object sixx.id="149" sixx.name="nazev" sixx.type="String" >Leti&#353;te Split</sixx.object>
							<sixx.object sixx.id="150" sixx.name="mesto" sixx.type="String" >Split</sixx.object>
						</sixx.object>
						<sixx.object sixx.id="151" sixx.name="datumOdletu" sixx.type="Date" >11 May 2023</sixx.object>
						<sixx.object sixx.id="152" sixx.name="casOdletu" sixx.type="SmallInteger" >1200</sixx.object>
						<sixx.object sixx.id="153" sixx.name="datumPriletu" sixx.type="Date" >11 May 2023</sixx.object>
						<sixx.object sixx.id="154" sixx.name="casPriletu" sixx.type="SmallInteger" >1315</sixx.object>
						<sixx.object sixx.id="155" sixx.name="zpozdeniMinuty" sixx.type="SmallInteger" >15</sixx.object>
					</sixx.object>
					<sixx.object sixx.idref="106" ></sixx.object>
				</sixx.object>
			</sixx.object>
			<sixx.object sixx.id="156" sixx.type="Association" >
				<sixx.object sixx.id="157" sixx.name="key" sixx.type="Symbol" >CestujiciSet</sixx.object>
				<sixx.object sixx.id="158" sixx.name="value" sixx.type="Set" >
					<sixx.object sixx.id="159" sixx.type="Cestujici" >
						<sixx.object sixx.id="160" sixx.name="jmeno" sixx.type="String" >Alena</sixx.object>
						<sixx.object sixx.id="161" sixx.name="prijmeni" sixx.type="String" >Markov&#225;</sixx.object>
						<sixx.object sixx.id="162" sixx.name="datumNarozeni" sixx.type="Date" >30 January 1978</sixx.object>
						<sixx.object sixx.id="163" sixx.name="stat" sixx.type="String" >&#268;esk&#225; republika</sixx.object>
						<sixx.object sixx.id="164" sixx.name="cisloDokladu" sixx.type="LargePositiveInteger" >894612321</sixx.object>
					</sixx.object>
					<sixx.object sixx.idref="57" ></sixx.object>
					<sixx.object sixx.idref="81" ></sixx.object>
					<sixx.object sixx.id="165" sixx.type="Cestujici" >
						<sixx.object sixx.id="166" sixx.name="jmeno" sixx.type="String" >Marmaduke</sixx.object>
						<sixx.object sixx.id="167" sixx.name="prijmeni" sixx.type="String" >Prisca</sixx.object>
						<sixx.object sixx.id="168" sixx.name="datumNarozeni" sixx.type="Date" >22 December 2001</sixx.object>
						<sixx.object sixx.id="169" sixx.name="stat" sixx.type="String" >Velk&#225; Brit&#225;nie</sixx.object>
						<sixx.object sixx.id="170" sixx.name="cisloDokladu" sixx.type="SmallInteger" >486512130</sixx.object>
					</sixx.object>
					<sixx.object sixx.id="171" sixx.type="Cestujici" >
						<sixx.object sixx.id="172" sixx.name="jmeno" sixx.type="String" >Kristi&#225;n</sixx.object>
						<sixx.object sixx.id="173" sixx.name="prijmeni" sixx.type="String" >Zdeno</sixx.object>
						<sixx.object sixx.id="174" sixx.name="datumNarozeni" sixx.type="Date" >28 June 1988</sixx.object>
						<sixx.object sixx.id="175" sixx.name="stat" sixx.type="String" >Slovensko</sixx.object>
						<sixx.object sixx.id="176" sixx.name="cisloDokladu" sixx.type="SmallInteger" >481231285</sixx.object>
					</sixx.object>
					<sixx.object sixx.id="177" sixx.type="Cestujici" >
						<sixx.object sixx.id="178" sixx.name="jmeno" sixx.type="String" >Anastazja</sixx.object>
						<sixx.object sixx.id="179" sixx.name="prijmeni" sixx.type="String" >Archie</sixx.object>
						<sixx.object sixx.id="180" sixx.name="datumNarozeni" sixx.type="Date" >8 November 2003</sixx.object>
						<sixx.object sixx.id="181" sixx.name="stat" sixx.type="String" >Polsko</sixx.object>
						<sixx.object sixx.id="182" sixx.name="cisloDokladu" sixx.type="LargePositiveInteger" >788854102</sixx.object>
					</sixx.object>
					<sixx.object sixx.idref="30" ></sixx.object>
					<sixx.object sixx.id="183" sixx.type="Cestujici" >
						<sixx.object sixx.id="184" sixx.name="jmeno" sixx.type="String" >Kate&#345;ina</sixx.object>
						<sixx.object sixx.id="185" sixx.name="prijmeni" sixx.type="String" >Zemanov&#225;</sixx.object>
						<sixx.object sixx.id="186" sixx.name="datumNarozeni" sixx.type="Date" >9 January 1956</sixx.object>
						<sixx.object sixx.id="187" sixx.name="stat" sixx.type="String" >&#268;esk&#225; republika</sixx.object>
						<sixx.object sixx.id="188" sixx.name="cisloDokladu" sixx.type="LargePositiveInteger" >848612015</sixx.object>
					</sixx.object>
					<sixx.object sixx.idref="119" ></sixx.object>
				</sixx.object>
			</sixx.object>
			<sixx.object sixx.id="189" sixx.type="Association" >
				<sixx.object sixx.id="190" sixx.name="key" sixx.type="Symbol" >LetisteSet</sixx.object>
				<sixx.object sixx.id="191" sixx.name="value" sixx.type="Set" >
					<sixx.object sixx.idref="45" ></sixx.object>
					<sixx.object sixx.idref="130" ></sixx.object>
					<sixx.object sixx.idref="41" ></sixx.object>
					<sixx.object sixx.idref="12" ></sixx.object>
					<sixx.object sixx.idref="107" ></sixx.object>
					<sixx.object sixx.idref="147" ></sixx.object>
					<sixx.object sixx.idref="91" ></sixx.object>
					<sixx.object sixx.idref="68" ></sixx.object>
					<sixx.object sixx.idref="16" ></sixx.object>
				</sixx.object>
			</sixx.object>
		</sixx.object>
		<sixx.object sixx.id="192" sixx.name="workspaceText" sixx.type="String" >&quot;Lety&#44; ktere byly dokonceny a pristaly s nulovym zpozdenim&quot;
LetySet select: [:m | m zpozdeniMinuty = 0 and: [ m letDokoncen = &#39;ano&#39;]]

&quot;Lety&#44; ktere bud zacinaly nebo koncily na letisti v Praze&quot;
LetySet select: [:m | m zLetiste kod = &#39;PRG&#39; or: [ m naLetiste kod = &#39;PRG&#39;]]

&quot;Oblibeni zakaznici - cestujici&#44; kteri utratili za letenky vice nez 5000&quot;
CestujiciSet select: [:m | m celkemUtraceno &gt; 5000 ]

&quot;Lety&#44; ktere probehly v prubehu roku 2022&quot;
&#40;LetySet select: [:m | m datumOdletu &gt; &#39;01-01-2022&#39; asDate and: [ m datumPriletu isNil not and: [ m datumPriletu &lt; &#39;12-31-2022&#39; asDate]]]&#41; 

&quot;Naplanovane&#44; nedokoncene lety&quot;
&#40;LetySet select: [:m | m letDokoncen = &#39;ne&#39;]&#41; </sixx.object>
		<sixx.object sixx.id="193" sixx.name="scriptText" sixx.type="String" >LetisteSet := Set new .
LetySet := Set new .
LetenkySet := Set new .
CestujiciSet := Set new .

&quot; Sedadla - data ----------------------------------------------------------------------------------------------------------------------------------&quot;


s1 := Sedadlo new .
s1 oznaceni: &#39;C30&#39;; trida: &#39;economy&#39;; uDveri: 0. 
s2 := Sedadlo new .
s2 oznaceni: &#39;A12&#39;; trida: &#39;business&#39;; uDveri: 0. 
s3 := Sedadlo new .
s3 oznaceni: &#39;C01&#39;; trida: &#39;economy&#39;; uDveri: 1. 
s4 := Sedadlo new .
s4 oznaceni: &#39;B42&#39;; trida: &#39;economy&#39;; uDveri: 1. 
s5 := Sedadlo new .
s5 oznaceni: &#39;Z02&#39;; trida: &#39;firstClass&#39;; uDveri: 0. 
s6 := Sedadlo new .
s6 oznaceni: &#39;C22&#39;; trida: &#39;economy&#39;; uDveri: 0. 
s7 := Sedadlo new .
s7 oznaceni: &#39;A18&#39;; trida: &#39;business&#39;; uDveri: 0. 


&quot; Letiste - data ----------------------------------------------------------------------------------------------------------------------------------&quot;


letiste1 := Letiste new .
letiste1 kod: &#39;PRG&#39;; nazev: &#39;Leti&#353;t&#283; V&#225;clava Havla Praha&#39;; mesto: &#39;Praha&#39; .
letiste2 := Letiste new .
letiste2 kod: &#39;AMS&#39;; nazev: &#39;Amsterdam Airport Schiphol&#39;; mesto: &#39;Amsterdam&#39; .
letiste3 := Letiste new .
letiste3 kod: &#39;BTS&#39;; nazev: &#39;Leti&#353;te Bratislava&#39;; mesto: &#39;Bratislava&#39; .
letiste4 := Letiste new .
letiste4 kod: &#39;SPU&#39;; nazev: &#39;Leti&#353;te Split&#39;; mesto: &#39;Split&#39; .
letiste5 := Letiste new .
letiste5 kod: &#39;PMI&#39;; nazev: &#39;Leti&#353;te Palma de Mallorca&#39;; mesto: &#39;Mallorca&#39; .
letiste6 := Letiste new .
letiste6 kod: &#39;LHR&#39;; nazev: &#39;Leti&#353;te London Heathrow&#39;; mesto: &#39;London&#39; .
letiste7 := Letiste new .
letiste7 kod: &#39;JFK&#39;; nazev: &#39;Mezin&#225;rodn&#237; leti&#353;te Johna F. Kennedyho&#39;; mesto: &#39;New York&#39; .
letiste8 := Letiste new .
letiste8 kod: &#39;DXB&#39;; nazev: &#39;Dubai International Airport&#39;; mesto: &#39;Dubai&#39; .
letiste9 := Letiste new .
letiste9 kod: &#39;RHO&#39;; nazev: &#39;Letisko Rodos Diagoras&#39;; mesto: &#39;Rodos&#39; .

&quot; Letiste - pridavani do setu&quot;
LetisteSet add: letiste1; add: letiste2; add: letiste3; add: letiste4; add: letiste5; add: letiste6; add: letiste7; add: letiste8; add: letiste9.


&quot; Lety - data  ----------------------------------------------------------------------------------------------------------------------------------&quot;


let1 := Let new .
let1 cislo: 109507; datumOdletu: &#39;20-JAN-2023&#39; asDate; datumPriletu: &#39;20-JAN-2023&#39; asDate; casOdletu: 1400; casPriletu: 1630; zpozdeniMinuty: 0.
let1 zLetiste: letiste1 .
let1 naLetiste: letiste2 .
let2 := Let new .
let2 cislo: 564120; datumOdletu: &#39;08-AUG-2023&#39; asDate; datumPriletu: &#39;08-JAN-2023&#39; asDate; casOdletu: 1615; casPriletu: 2000.
let2 zLetiste: letiste3 .
let2 naLetiste: letiste5 .
let3 := Let new .
let3 cislo: 451230; datumOdletu: &#39;29-JAN-2023&#39; asDate; datumPriletu: &#39;29-JAN-2023&#39; asDate; casOdletu: 0900; casPriletu: 1500; zpozdeniMinuty: 50 .
let3 zLetiste: letiste9 .
let3 naLetiste: letiste8 .
let4 := Let new .
let4 cislo: 550210; datumOdletu: &#39;11-MAY-2023&#39; asDate; datumPriletu: &#39;11-MAY-2023&#39; asDate; casOdletu: 1200; casPriletu: 1315; zpozdeniMinuty: 15 .
let4 zLetiste: letiste1 .
let4 naLetiste: letiste4 .
let5 := Let new .
let5 cislo: 9023153; datumOdletu: &#39;12-DEC-2022&#39; asDate; datumPriletu: &#39;13-DEC-2022&#39; asDate; casOdletu: 1900; casPriletu: 2345; zpozdeniMinuty: 0 .
let5 zLetiste: letiste5 .
let5 naLetiste: letiste6 .
let6 := Let new .
let6 cislo: 891003; datumOdletu: &#39;22-NOV-2022&#39; asDate; datumPriletu: &#39;22-NOV-2022&#39; asDate; casOdletu: 1800; casPriletu: 2350; zpozdeniMinuty: 210 .
let6 zLetiste: letiste9 .
let6 naLetiste: letiste3 .
let7 := Let new .
let7 cislo: 779514; datumOdletu: &#39;15-NOV-2023&#39; asDate;  datumPriletu: &#39;16-NOV-2023&#39; asDate; casOdletu: 1700; casPriletu: 1100 .
let7 zLetiste: letiste7 .
let7 naLetiste: letiste6 .
let8 :=  Let new .
let8 cislo: 109507; datumOdletu: &#39;02-FEB-2023&#39; asDate; datumPriletu: &#39;02-FEB-2023&#39; asDate; casOdletu: 1030; casPriletu: 1520; zpozdeniMinuty: 10 .
let8 zLetiste: letiste9 .
let8 naLetiste: letiste1 .

&quot; Lety - pridavani do setu&quot;
LetySet add: let1; add: let2; add: let3; add: let4; add: let5; add: let6; add: let7; add: let8 .


&quot; Cestujici - data ----------------------------------------------------------------------------------------------------------------------------------&quot;


c1 := Cestujici new .
c1 jmeno: &#39;Jan&#39;; prijmeni: &#39;Nov&#225;k&#39;; datumNarozeni: &#39;18-SEP-1996&#39; asDate; stat: &#39;&#268;esk&#225; republika&#39;; cisloDokladu: 984106330 . 
c2 := Cestujici new .
c2 jmeno: &#39;Kate&#345;ina&#39;; prijmeni: &#39;Zemanov&#225;&#39;; datumNarozeni: &#39;09-JAN-1956&#39; asDate; stat: &#39;&#268;esk&#225; republika&#39;; cisloDokladu: 848612015 .  
c3 := Cestujici new .
c3 jmeno: &#39;Marmaduke&#39;; prijmeni: &#39;Prisca&#39;; datumNarozeni: &#39;22-DEC-2001&#39; asDate; stat: &#39;Velk&#225; Brit&#225;nie&#39;; cisloDokladu: 486512130 .  
c4 := Cestujici new .
c4 jmeno: &#39;Anastazja&#39;; prijmeni: &#39;Archie&#39;; datumNarozeni: &#39;08-NOV-2003&#39; asDate; stat: &#39;Polsko&#39;; cisloDokladu: 788854102 .  
c5 := Cestujici new .
c5 jmeno: &#39;Kristi&#225;n&#39;; prijmeni: &#39;Zdeno&#39;; datumNarozeni: &#39;28-JUN-1988&#39; asDate; stat: &#39;Slovensko&#39;; cisloDokladu: 481231285 .  
c6 := Cestujici new .
c6 jmeno: &#39;Eva&#39;; prijmeni: &#39;Pokorn&#225;&#39;; datumNarozeni: &#39;10-FEB-1956&#39; asDate; stat: &#39;&#268;esk&#225; republika&#39;; cisloDokladu: 286121475 .  
c7 := Cestujici new .
c7 jmeno: &#39;Jakub&#39;; prijmeni: &#39;Dvo&#345;&#225;k&#39;; datumNarozeni: &#39;29-NOV-1996&#39; asDate; stat: &#39;&#268;esk&#225; republika&#39;; cisloDokladu: 989156123 .  
c8 := Cestujici new .
c8 jmeno: &#39;Tatiana&#39;; prijmeni: &#39;Metod&#39;; datumNarozeni: &#39;12-SEP-1999&#39; asDate; stat: &#39;Slovensko&#39;; cisloDokladu: 786151023 .  
c9 := Cestujici new .
c9 jmeno: &#39;Alena&#39;; prijmeni: &#39;Markov&#225;&#39;; datumNarozeni: &#39;30-JAN-1978&#39; asDate; stat: &#39;&#268;esk&#225; republika&#39;; cisloDokladu: 894612321 . 

&quot; Cestujici - pridavani do setu&quot;
CestujiciSet add: c1; add: c2; add: c3; add: c4; add: c5; add: c6; add: c7; add: c8; add: c9.


&quot; Letenky - data  ----------------------------------------------------------------------------------------------------------------------------------&quot;


letenka1 := Letenka new .
letenka1 cislo: 100068502; cena: 4600; pocetZavazadel: 1; prednostniNastup: 0 .
letenka1 spoj: let1 .
letenka1 rezervovaneMisto: s1 .
letenka1 patri: c1 .
letenka2 := Letenka new .
letenka2 cislo: 100077842; cena: 8000; pocetZavazadel: 2; prednostniNastup: 0 .
letenka2 spoj: let2 .
letenka2 rezervovaneMisto: s4 .
letenka2 patri: c6 .
letenka3 := Letenka new .
letenka3 cislo: 10010032; cena: 2200; pocetZavazadel: 0; prednostniNastup: 1 .
letenka3 spoj: let7 .
letenka3 rezervovaneMisto: s3 .
letenka3 patri: c7 .
letenka4 := Letenka new .
letenka4 cislo: 100052346; cena: 3500; pocetZavazadel: 1; prednostniNastup: 0 .
letenka4 spoj: let6 .
letenka4 rezervovaneMisto: s6 .
letenka4 patri: c8 .
letenka5 := Letenka new .
letenka5 cislo: 100044874; cena: 5000; pocetZavazadel: 1; prednostniNastup: 1 .
letenka5 spoj: let8 .
letenka5 rezervovaneMisto: s5 .
letenka5 patri: c7 .

&quot; Letenky - pridavani do setu&quot;
LetenkySet add: letenka1; add: letenka2; add: letenka3; add: letenka4; add: letenka5 .
</sixx.object>
		<sixx.object sixx.id="194" sixx.name="messagesWithParMode" sixx.type="Symbol" >sendOnly</sixx.object>
		<sixx.object sixx.id="195" sixx.name="messagesWithoutParMode" sixx.type="Symbol" >sendAndBrowse</sixx.object>
		<sixx.object sixx.id="196" sixx.name="diagramSymbols" sixx.type="Set" >
			<sixx.object sixx.id="197" sixx.type="DaskalosClassSymbol" >
				<sixx.object sixx.id="198" sixx.name="subject" sixx.type="Symbol" >Sedadlo</sixx.object>
				<sixx.object sixx.id="199" sixx.name="position" sixx.type="Rectangle" >
					<sixx.object sixx.id="200" sixx.name="origin" sixx.type="Point" >760@50</sixx.object>
					<sixx.object sixx.id="201" sixx.name="corner" sixx.type="Point" >910@210</sixx.object>
				</sixx.object>
				<sixx.object sixx.id="202" sixx.name="methodsText" sixx.type="ComposedText" >
					<sixx.object sixx.idref="24" sixx.name="textStyle" ></sixx.object>
					<sixx.object sixx.id="203" sixx.name="text" sixx.type="Text" >
						<sixx.object sixx.id="204" sixx.name="string" sixx.type="String" ></sixx.object>
						<sixx.object sixx.id="205" sixx.name="runs" sixx.type="RunArray" >
							<sixx.object sixx.id="206" sixx.name="runs" sixx.type="Array" >
							</sixx.object>
							<sixx.object sixx.id="207" sixx.name="values" sixx.type="Array" >
							</sixx.object>
						</sixx.object>
					</sixx.object>
					<sixx.object sixx.idref="36" sixx.name="compositionWidth" ></sixx.object>
					<sixx.object sixx.idref="36" sixx.name="compositionHeight" ></sixx.object>
					<sixx.object sixx.id="208" sixx.name="wordWrap" sixx.type="True" >true</sixx.object>
					<sixx.object sixx.idref="24" sixx.name="fontPolicy" ></sixx.object>
					<sixx.object sixx.id="209" sixx.name="lineTable" sixx.type="OptimizedLineInformationTable" >
						<sixx.object sixx.id="210" sixx.name="lines" sixx.type="Array" >
							<sixx.object sixx.idref="28" ></sixx.object>
							<sixx.object sixx.idref="24" ></sixx.object>
							<sixx.object sixx.idref="24" ></sixx.object>
							<sixx.object sixx.idref="24" ></sixx.object>
							<sixx.object sixx.idref="24" ></sixx.object>
						</sixx.object>
						<sixx.object sixx.idref="36" sixx.name="lastLine" ></sixx.object>
						<sixx.object sixx.idref="24" sixx.name="adjustmentStartLine" ></sixx.object>
						<sixx.object sixx.idref="24" sixx.name="adjustment" ></sixx.object>
					</sixx.object>
					<sixx.object sixx.idref="208" sixx.name="fitWidth" ></sixx.object>
				</sixx.object>
				<sixx.object sixx.id="211" sixx.name="instVarsText" sixx.type="ComposedText" >
					<sixx.object sixx.idref="24" sixx.name="textStyle" ></sixx.object>
					<sixx.object sixx.id="212" sixx.name="text" sixx.type="Text" >
						<sixx.object sixx.id="213" sixx.name="string" sixx.type="String" >oznaceni
trida
uDveri </sixx.object>
						<sixx.object sixx.id="214" sixx.name="runs" sixx.type="RunArray" >
							<sixx.object sixx.id="215" sixx.name="runs" sixx.type="Array" >
								<sixx.object sixx.id="216" sixx.type="SmallInteger" >22</sixx.object>
							</sixx.object>
							<sixx.object sixx.id="217" sixx.name="values" sixx.type="Array" >
								<sixx.object sixx.idref="24" ></sixx.object>
							</sixx.object>
						</sixx.object>
					</sixx.object>
					<sixx.object sixx.id="218" sixx.name="compositionWidth" sixx.type="SmallInteger" >52</sixx.object>
					<sixx.object sixx.id="219" sixx.name="compositionHeight" sixx.type="SmallInteger" >57</sixx.object>
					<sixx.object sixx.idref="208" sixx.name="wordWrap" ></sixx.object>
					<sixx.object sixx.idref="24" sixx.name="fontPolicy" ></sixx.object>
					<sixx.object sixx.id="220" sixx.name="lineTable" sixx.type="OptimizedLineInformationTable" >
						<sixx.object sixx.id="221" sixx.name="lines" sixx.type="Array" >
							<sixx.object sixx.idref="28" ></sixx.object>
							<sixx.object sixx.idref="99" ></sixx.object>
							<sixx.object sixx.id="222" sixx.type="SmallInteger" >16</sixx.object>
							<sixx.object sixx.id="223" sixx.type="SmallInteger" >23</sixx.object>
							<sixx.object sixx.idref="24" ></sixx.object>
							<sixx.object sixx.idref="24" ></sixx.object>
						</sixx.object>
						<sixx.object sixx.id="224" sixx.name="lastLine" sixx.type="SmallInteger" >3</sixx.object>
						<sixx.object sixx.idref="24" sixx.name="adjustmentStartLine" ></sixx.object>
						<sixx.object sixx.idref="24" sixx.name="adjustment" ></sixx.object>
					</sixx.object>
					<sixx.object sixx.idref="208" sixx.name="fitWidth" ></sixx.object>
				</sixx.object>
				<sixx.object sixx.id="225" sixx.name="compositionConnections" sixx.type="Set" >
				</sixx.object>
			</sixx.object>
			<sixx.object sixx.id="226" sixx.type="DaskalosCollectionSymbol" >
				<sixx.object sixx.idref="127" sixx.name="subject" ></sixx.object>
				<sixx.object sixx.id="227" sixx.name="position" sixx.type="Rectangle" >
					<sixx.object sixx.id="228" sixx.name="origin" sixx.type="Point" >30@360</sixx.object>
					<sixx.object sixx.id="229" sixx.name="corner" sixx.type="Point" >130@443</sixx.object>
				</sixx.object>
				<sixx.object sixx.id="230" sixx.name="name" sixx.type="String" >LetySet</sixx.object>
				<sixx.object sixx.id="231" sixx.name="borderPoints" sixx.type="List" >
					<sixx.object sixx.id="232" sixx.type="Point" >30@376</sixx.object>
					<sixx.object sixx.id="233" sixx.type="Point" >80@360</sixx.object>
					<sixx.object sixx.id="234" sixx.type="Point" >130@376</sixx.object>
					<sixx.object sixx.id="235" sixx.type="Point" >130@427</sixx.object>
					<sixx.object sixx.id="236" sixx.type="Point" >80@443</sixx.object>
					<sixx.object sixx.id="237" sixx.type="Point" >30@427</sixx.object>
					<sixx.object sixx.idref="232" ></sixx.object>
				</sixx.object>
				<sixx.object sixx.id="238" sixx.name="innerRectangle" sixx.type="Rectangle" >
					<sixx.object sixx.id="239" sixx.name="origin" sixx.type="Point" >31@377</sixx.object>
					<sixx.object sixx.id="240" sixx.name="corner" sixx.type="Point" >129@426</sixx.object>
				</sixx.object>
			</sixx.object>
			<sixx.object sixx.id="241" sixx.type="DaskalosClassSymbol" >
				<sixx.object sixx.id="242" sixx.name="subject" sixx.type="Symbol" >Letiste</sixx.object>
				<sixx.object sixx.id="243" sixx.name="position" sixx.type="Rectangle" >
					<sixx.object sixx.id="244" sixx.name="origin" sixx.type="Point" >270@30</sixx.object>
					<sixx.object sixx.id="245" sixx.name="corner" sixx.type="Point" >440@160</sixx.object>
				</sixx.object>
				<sixx.object sixx.id="246" sixx.name="methodsText" sixx.type="ComposedText" >
					<sixx.object sixx.idref="24" sixx.name="textStyle" ></sixx.object>
					<sixx.object sixx.id="247" sixx.name="text" sixx.type="Text" >
						<sixx.object sixx.id="248" sixx.name="string" sixx.type="String" >frekvenceLetu
</sixx.object>
						<sixx.object sixx.id="249" sixx.name="runs" sixx.type="RunArray" >
							<sixx.object sixx.id="250" sixx.name="runs" sixx.type="Array" >
								<sixx.object sixx.id="251" sixx.type="SmallInteger" >14</sixx.object>
							</sixx.object>
							<sixx.object sixx.id="252" sixx.name="values" sixx.type="Array" >
								<sixx.object sixx.idref="24" ></sixx.object>
							</sixx.object>
						</sixx.object>
					</sixx.object>
					<sixx.object sixx.id="253" sixx.name="compositionWidth" sixx.type="SmallInteger" >79</sixx.object>
					<sixx.object sixx.id="254" sixx.name="compositionHeight" sixx.type="SmallInteger" >38</sixx.object>
					<sixx.object sixx.idref="208" sixx.name="wordWrap" ></sixx.object>
					<sixx.object sixx.idref="24" sixx.name="fontPolicy" ></sixx.object>
					<sixx.object sixx.id="255" sixx.name="lineTable" sixx.type="OptimizedLineInformationTable" >
						<sixx.object sixx.id="256" sixx.name="lines" sixx.type="Array" >
							<sixx.object sixx.idref="28" ></sixx.object>
							<sixx.object sixx.idref="155" ></sixx.object>
							<sixx.object sixx.idref="24" ></sixx.object>
						</sixx.object>
						<sixx.object sixx.idref="28" sixx.name="lastLine" ></sixx.object>
						<sixx.object sixx.idref="24" sixx.name="adjustmentStartLine" ></sixx.object>
						<sixx.object sixx.idref="24" sixx.name="adjustment" ></sixx.object>
					</sixx.object>
					<sixx.object sixx.idref="208" sixx.name="fitWidth" ></sixx.object>
				</sixx.object>
				<sixx.object sixx.id="257" sixx.name="instVarsText" sixx.type="ComposedText" >
					<sixx.object sixx.idref="24" sixx.name="textStyle" ></sixx.object>
					<sixx.object sixx.id="258" sixx.name="text" sixx.type="Text" >
						<sixx.object sixx.id="259" sixx.name="string" sixx.type="String" >kod
nazev
mesto </sixx.object>
						<sixx.object sixx.id="260" sixx.name="runs" sixx.type="RunArray" >
							<sixx.object sixx.id="261" sixx.name="runs" sixx.type="Array" >
								<sixx.object sixx.idref="222" ></sixx.object>
							</sixx.object>
							<sixx.object sixx.id="262" sixx.name="values" sixx.type="Array" >
								<sixx.object sixx.idref="24" ></sixx.object>
							</sixx.object>
						</sixx.object>
					</sixx.object>
					<sixx.object sixx.id="263" sixx.name="compositionWidth" sixx.type="SmallInteger" >40</sixx.object>
					<sixx.object sixx.idref="219" sixx.name="compositionHeight" ></sixx.object>
					<sixx.object sixx.idref="208" sixx.name="wordWrap" ></sixx.object>
					<sixx.object sixx.idref="24" sixx.name="fontPolicy" ></sixx.object>
					<sixx.object sixx.id="264" sixx.name="lineTable" sixx.type="OptimizedLineInformationTable" >
						<sixx.object sixx.id="265" sixx.name="lines" sixx.type="Array" >
							<sixx.object sixx.idref="28" ></sixx.object>
							<sixx.object sixx.id="266" sixx.type="SmallInteger" >5</sixx.object>
							<sixx.object sixx.id="267" sixx.type="SmallInteger" >11</sixx.object>
							<sixx.object sixx.id="268" sixx.type="SmallInteger" >17</sixx.object>
							<sixx.object sixx.idref="24" ></sixx.object>
						</sixx.object>
						<sixx.object sixx.idref="224" sixx.name="lastLine" ></sixx.object>
						<sixx.object sixx.idref="24" sixx.name="adjustmentStartLine" ></sixx.object>
						<sixx.object sixx.idref="24" sixx.name="adjustment" ></sixx.object>
					</sixx.object>
					<sixx.object sixx.idref="208" sixx.name="fitWidth" ></sixx.object>
				</sixx.object>
				<sixx.object sixx.id="269" sixx.name="compositionConnections" sixx.type="Set" >
				</sixx.object>
			</sixx.object>
			<sixx.object sixx.id="270" sixx.type="DaskalosClassSymbol" >
				<sixx.object sixx.id="271" sixx.name="subject" sixx.type="Symbol" >Cestujici</sixx.object>
				<sixx.object sixx.id="272" sixx.name="position" sixx.type="Rectangle" >
					<sixx.object sixx.id="273" sixx.name="origin" sixx.type="Point" >750@310</sixx.object>
					<sixx.object sixx.id="274" sixx.name="corner" sixx.type="Point" >920@530</sixx.object>
				</sixx.object>
				<sixx.object sixx.id="275" sixx.name="methodsText" sixx.type="ComposedText" >
					<sixx.object sixx.idref="24" sixx.name="textStyle" ></sixx.object>
					<sixx.object sixx.id="276" sixx.name="text" sixx.type="Text" >
						<sixx.object sixx.id="277" sixx.name="string" sixx.type="String" >celkemUtraceno
pocetLetenek
vek
</sixx.object>
						<sixx.object sixx.id="278" sixx.name="runs" sixx.type="RunArray" >
							<sixx.object sixx.id="279" sixx.name="runs" sixx.type="Array" >
								<sixx.object sixx.id="280" sixx.type="SmallInteger" >32</sixx.object>
							</sixx.object>
							<sixx.object sixx.id="281" sixx.name="values" sixx.type="Array" >
								<sixx.object sixx.idref="24" ></sixx.object>
							</sixx.object>
						</sixx.object>
					</sixx.object>
					<sixx.object sixx.id="282" sixx.name="compositionWidth" sixx.type="SmallInteger" >94</sixx.object>
					<sixx.object sixx.id="283" sixx.name="compositionHeight" sixx.type="SmallInteger" >76</sixx.object>
					<sixx.object sixx.idref="208" sixx.name="wordWrap" ></sixx.object>
					<sixx.object sixx.idref="24" sixx.name="fontPolicy" ></sixx.object>
					<sixx.object sixx.id="284" sixx.name="lineTable" sixx.type="OptimizedLineInformationTable" >
						<sixx.object sixx.id="285" sixx.name="lines" sixx.type="Array" >
							<sixx.object sixx.idref="28" ></sixx.object>
							<sixx.object sixx.idref="222" ></sixx.object>
							<sixx.object sixx.id="286" sixx.type="SmallInteger" >29</sixx.object>
							<sixx.object sixx.id="287" sixx.type="SmallInteger" >33</sixx.object>
							<sixx.object sixx.idref="24" ></sixx.object>
							<sixx.object sixx.idref="24" ></sixx.object>
						</sixx.object>
						<sixx.object sixx.idref="224" sixx.name="lastLine" ></sixx.object>
						<sixx.object sixx.idref="24" sixx.name="adjustmentStartLine" ></sixx.object>
						<sixx.object sixx.idref="24" sixx.name="adjustment" ></sixx.object>
					</sixx.object>
					<sixx.object sixx.idref="208" sixx.name="fitWidth" ></sixx.object>
				</sixx.object>
				<sixx.object sixx.id="288" sixx.name="instVarsText" sixx.type="ComposedText" >
					<sixx.object sixx.idref="24" sixx.name="textStyle" ></sixx.object>
					<sixx.object sixx.id="289" sixx.name="text" sixx.type="Text" >
						<sixx.object sixx.id="290" sixx.name="string" sixx.type="String" >jmeno
prijmeni
datumNarozeni
stat
cisloDokladu </sixx.object>
						<sixx.object sixx.id="291" sixx.name="runs" sixx.type="RunArray" >
							<sixx.object sixx.id="292" sixx.name="runs" sixx.type="Array" >
								<sixx.object sixx.id="293" sixx.type="SmallInteger" >47</sixx.object>
							</sixx.object>
							<sixx.object sixx.id="294" sixx.name="values" sixx.type="Array" >
								<sixx.object sixx.idref="24" ></sixx.object>
							</sixx.object>
						</sixx.object>
					</sixx.object>
					<sixx.object sixx.id="295" sixx.name="compositionWidth" sixx.type="SmallInteger" >87</sixx.object>
					<sixx.object sixx.id="296" sixx.name="compositionHeight" sixx.type="SmallInteger" >95</sixx.object>
					<sixx.object sixx.idref="208" sixx.name="wordWrap" ></sixx.object>
					<sixx.object sixx.idref="24" sixx.name="fontPolicy" ></sixx.object>
					<sixx.object sixx.id="297" sixx.name="lineTable" sixx.type="OptimizedLineInformationTable" >
						<sixx.object sixx.id="298" sixx.name="lines" sixx.type="Array" >
							<sixx.object sixx.idref="28" ></sixx.object>
							<sixx.object sixx.id="299" sixx.type="SmallInteger" >7</sixx.object>
							<sixx.object sixx.idref="222" ></sixx.object>
							<sixx.object sixx.id="300" sixx.type="SmallInteger" >30</sixx.object>
							<sixx.object sixx.id="301" sixx.type="SmallInteger" >35</sixx.object>
							<sixx.object sixx.id="302" sixx.type="SmallInteger" >48</sixx.object>
							<sixx.object sixx.idref="24" ></sixx.object>
						</sixx.object>
						<sixx.object sixx.idref="266" sixx.name="lastLine" ></sixx.object>
						<sixx.object sixx.idref="24" sixx.name="adjustmentStartLine" ></sixx.object>
						<sixx.object sixx.idref="24" sixx.name="adjustment" ></sixx.object>
					</sixx.object>
					<sixx.object sixx.idref="208" sixx.name="fitWidth" ></sixx.object>
				</sixx.object>
				<sixx.object sixx.id="303" sixx.name="compositionConnections" sixx.type="Set" >
				</sixx.object>
			</sixx.object>
			<sixx.object sixx.id="304" sixx.type="DaskalosCollectionSymbol" >
				<sixx.object sixx.idref="7" sixx.name="subject" ></sixx.object>
				<sixx.object sixx.id="305" sixx.name="position" sixx.type="Rectangle" >
					<sixx.object sixx.id="306" sixx.name="origin" sixx.type="Point" >210@480</sixx.object>
					<sixx.object sixx.id="307" sixx.name="corner" sixx.type="Point" >310@563</sixx.object>
				</sixx.object>
				<sixx.object sixx.id="308" sixx.name="name" sixx.type="String" >LetenkySet</sixx.object>
				<sixx.object sixx.id="309" sixx.name="borderPoints" sixx.type="List" >
					<sixx.object sixx.id="310" sixx.type="Point" >210@496</sixx.object>
					<sixx.object sixx.id="311" sixx.type="Point" >260@480</sixx.object>
					<sixx.object sixx.id="312" sixx.type="Point" >310@496</sixx.object>
					<sixx.object sixx.id="313" sixx.type="Point" >310@547</sixx.object>
					<sixx.object sixx.id="314" sixx.type="Point" >260@563</sixx.object>
					<sixx.object sixx.id="315" sixx.type="Point" >210@547</sixx.object>
					<sixx.object sixx.idref="310" ></sixx.object>
				</sixx.object>
				<sixx.object sixx.id="316" sixx.name="innerRectangle" sixx.type="Rectangle" >
					<sixx.object sixx.id="317" sixx.name="origin" sixx.type="Point" >211@497</sixx.object>
					<sixx.object sixx.id="318" sixx.name="corner" sixx.type="Point" >309@546</sixx.object>
				</sixx.object>
			</sixx.object>
			<sixx.object sixx.id="319" sixx.type="DaskalosClassSymbol" >
				<sixx.object sixx.id="320" sixx.name="subject" sixx.type="Symbol" >Let</sixx.object>
				<sixx.object sixx.id="321" sixx.name="position" sixx.type="Rectangle" >
					<sixx.object sixx.id="322" sixx.name="origin" sixx.type="Point" >50@70</sixx.object>
					<sixx.object sixx.id="323" sixx.name="corner" sixx.type="Point" >210@310</sixx.object>
				</sixx.object>
				<sixx.object sixx.id="324" sixx.name="methodsText" sixx.type="ComposedText" >
					<sixx.object sixx.idref="24" sixx.name="textStyle" ></sixx.object>
					<sixx.object sixx.id="325" sixx.name="text" sixx.type="Text" >
						<sixx.object sixx.id="326" sixx.name="string" sixx.type="String" >delkaLetu
letDokoncen
zpozdeniMinuty
</sixx.object>
						<sixx.object sixx.id="327" sixx.name="runs" sixx.type="RunArray" >
							<sixx.object sixx.id="328" sixx.name="runs" sixx.type="Array" >
								<sixx.object sixx.id="329" sixx.type="SmallInteger" >37</sixx.object>
							</sixx.object>
							<sixx.object sixx.id="330" sixx.name="values" sixx.type="Array" >
								<sixx.object sixx.idref="24" ></sixx.object>
							</sixx.object>
						</sixx.object>
					</sixx.object>
					<sixx.object sixx.id="331" sixx.name="compositionWidth" sixx.type="SmallInteger" >91</sixx.object>
					<sixx.object sixx.idref="283" sixx.name="compositionHeight" ></sixx.object>
					<sixx.object sixx.idref="208" sixx.name="wordWrap" ></sixx.object>
					<sixx.object sixx.idref="24" sixx.name="fontPolicy" ></sixx.object>
					<sixx.object sixx.id="332" sixx.name="lineTable" sixx.type="OptimizedLineInformationTable" >
						<sixx.object sixx.id="333" sixx.name="lines" sixx.type="Array" >
							<sixx.object sixx.idref="28" ></sixx.object>
							<sixx.object sixx.idref="267" ></sixx.object>
							<sixx.object sixx.idref="223" ></sixx.object>
							<sixx.object sixx.idref="254" ></sixx.object>
							<sixx.object sixx.idref="24" ></sixx.object>
							<sixx.object sixx.idref="24" ></sixx.object>
						</sixx.object>
						<sixx.object sixx.idref="224" sixx.name="lastLine" ></sixx.object>
						<sixx.object sixx.idref="24" sixx.name="adjustmentStartLine" ></sixx.object>
						<sixx.object sixx.idref="24" sixx.name="adjustment" ></sixx.object>
					</sixx.object>
					<sixx.object sixx.idref="208" sixx.name="fitWidth" ></sixx.object>
				</sixx.object>
				<sixx.object sixx.id="334" sixx.name="instVarsText" sixx.type="ComposedText" >
					<sixx.object sixx.idref="24" sixx.name="textStyle" ></sixx.object>
					<sixx.object sixx.id="335" sixx.name="text" sixx.type="Text" >
						<sixx.object sixx.id="336" sixx.name="string" sixx.type="String" >cislo
datumOdletu
casOdletu
datumPriletu
casPriletu
zpozdeniMinuty </sixx.object>
						<sixx.object sixx.id="337" sixx.name="runs" sixx.type="RunArray" >
							<sixx.object sixx.id="338" sixx.name="runs" sixx.type="Array" >
								<sixx.object sixx.id="339" sixx.type="SmallInteger" >67</sixx.object>
							</sixx.object>
							<sixx.object sixx.id="340" sixx.name="values" sixx.type="Array" >
								<sixx.object sixx.idref="24" ></sixx.object>
							</sixx.object>
						</sixx.object>
					</sixx.object>
					<sixx.object sixx.idref="296" sixx.name="compositionWidth" ></sixx.object>
					<sixx.object sixx.id="341" sixx.name="compositionHeight" sixx.type="SmallInteger" >114</sixx.object>
					<sixx.object sixx.idref="208" sixx.name="wordWrap" ></sixx.object>
					<sixx.object sixx.idref="24" sixx.name="fontPolicy" ></sixx.object>
					<sixx.object sixx.id="342" sixx.name="lineTable" sixx.type="OptimizedLineInformationTable" >
						<sixx.object sixx.id="343" sixx.name="lines" sixx.type="Array" >
							<sixx.object sixx.idref="28" ></sixx.object>
							<sixx.object sixx.idref="299" ></sixx.object>
							<sixx.object sixx.id="344" sixx.type="SmallInteger" >19</sixx.object>
							<sixx.object sixx.idref="286" ></sixx.object>
							<sixx.object sixx.id="345" sixx.type="SmallInteger" >42</sixx.object>
							<sixx.object sixx.id="346" sixx.type="SmallInteger" >53</sixx.object>
							<sixx.object sixx.id="347" sixx.type="SmallInteger" >68</sixx.object>
							<sixx.object sixx.idref="24" ></sixx.object>
						</sixx.object>
						<sixx.object sixx.id="348" sixx.name="lastLine" sixx.type="SmallInteger" >6</sixx.object>
						<sixx.object sixx.idref="24" sixx.name="adjustmentStartLine" ></sixx.object>
						<sixx.object sixx.idref="24" sixx.name="adjustment" ></sixx.object>
					</sixx.object>
					<sixx.object sixx.idref="208" sixx.name="fitWidth" ></sixx.object>
				</sixx.object>
				<sixx.object sixx.id="349" sixx.name="compositionConnections" sixx.type="Set" >
					<sixx.object sixx.id="350" sixx.type="DaskalosCompositionConnection" >
						<sixx.object sixx.idref="319" sixx.name="fromSymbol" ></sixx.object>
						<sixx.object sixx.idref="241" sixx.name="toSymbol" ></sixx.object>
						<sixx.object sixx.id="351" sixx.name="name" sixx.type="String" >naLetiste</sixx.object>
						<sixx.object sixx.id="352" sixx.name="cardinality" sixx.type="String" ></sixx.object>
						<sixx.object sixx.id="353" sixx.name="stereotype" sixx.type="String" ></sixx.object>
						<sixx.object sixx.idref="24" sixx.name="fromPoint" ></sixx.object>
						<sixx.object sixx.idref="24" sixx.name="toPoint" ></sixx.object>
						<sixx.object sixx.id="354" sixx.name="controlPoints" sixx.type="List" >
							<sixx.object sixx.idref="24" ></sixx.object>
						</sixx.object>
					</sixx.object>
					<sixx.object sixx.id="355" sixx.type="DaskalosCompositionConnection" >
						<sixx.object sixx.idref="319" sixx.name="fromSymbol" ></sixx.object>
						<sixx.object sixx.idref="241" sixx.name="toSymbol" ></sixx.object>
						<sixx.object sixx.id="356" sixx.name="name" sixx.type="String" >zLetiste</sixx.object>
						<sixx.object sixx.idref="352" sixx.name="cardinality" ></sixx.object>
						<sixx.object sixx.idref="353" sixx.name="stereotype" ></sixx.object>
						<sixx.object sixx.idref="24" sixx.name="fromPoint" ></sixx.object>
						<sixx.object sixx.idref="24" sixx.name="toPoint" ></sixx.object>
						<sixx.object sixx.id="357" sixx.name="controlPoints" sixx.type="List" >
							<sixx.object sixx.idref="24" ></sixx.object>
						</sixx.object>
					</sixx.object>
				</sixx.object>
			</sixx.object>
			<sixx.object sixx.id="358" sixx.type="DaskalosCollectionSymbol" >
				<sixx.object sixx.idref="158" sixx.name="subject" ></sixx.object>
				<sixx.object sixx.id="359" sixx.name="position" sixx.type="Rectangle" >
					<sixx.object sixx.id="360" sixx.name="origin" sixx.type="Point" >580@510</sixx.object>
					<sixx.object sixx.id="361" sixx.name="corner" sixx.type="Point" >680@593</sixx.object>
				</sixx.object>
				<sixx.object sixx.id="362" sixx.name="name" sixx.type="String" >CestujiciSet</sixx.object>
				<sixx.object sixx.id="363" sixx.name="borderPoints" sixx.type="List" >
					<sixx.object sixx.id="364" sixx.type="Point" >580@526</sixx.object>
					<sixx.object sixx.id="365" sixx.type="Point" >630@510</sixx.object>
					<sixx.object sixx.id="366" sixx.type="Point" >680@526</sixx.object>
					<sixx.object sixx.id="367" sixx.type="Point" >680@577</sixx.object>
					<sixx.object sixx.id="368" sixx.type="Point" >630@593</sixx.object>
					<sixx.object sixx.id="369" sixx.type="Point" >580@577</sixx.object>
					<sixx.object sixx.idref="364" ></sixx.object>
				</sixx.object>
				<sixx.object sixx.id="370" sixx.name="innerRectangle" sixx.type="Rectangle" >
					<sixx.object sixx.id="371" sixx.name="origin" sixx.type="Point" >581@527</sixx.object>
					<sixx.object sixx.id="372" sixx.name="corner" sixx.type="Point" >679@576</sixx.object>
				</sixx.object>
			</sixx.object>
			<sixx.object sixx.id="373" sixx.type="DaskalosClassSymbol" >
				<sixx.object sixx.id="374" sixx.name="subject" sixx.type="Symbol" >Letenka</sixx.object>
				<sixx.object sixx.id="375" sixx.name="position" sixx.type="Rectangle" >
					<sixx.object sixx.id="376" sixx.name="origin" sixx.type="Point" >420@220</sixx.object>
					<sixx.object sixx.id="377" sixx.name="corner" sixx.type="Point" >590@430</sixx.object>
				</sixx.object>
				<sixx.object sixx.id="378" sixx.name="methodsText" sixx.type="ComposedText" >
					<sixx.object sixx.idref="24" sixx.name="textStyle" ></sixx.object>
					<sixx.object sixx.id="379" sixx.name="text" sixx.type="Text" >
						<sixx.object sixx.id="380" sixx.name="string" sixx.type="String" >doplatekExtraZavazadlo
kompenzaceZpozdeni
</sixx.object>
						<sixx.object sixx.id="381" sixx.name="runs" sixx.type="RunArray" >
							<sixx.object sixx.id="382" sixx.name="runs" sixx.type="Array" >
								<sixx.object sixx.idref="345" ></sixx.object>
							</sixx.object>
							<sixx.object sixx.id="383" sixx.name="values" sixx.type="Array" >
								<sixx.object sixx.idref="24" ></sixx.object>
							</sixx.object>
						</sixx.object>
					</sixx.object>
					<sixx.object sixx.id="384" sixx.name="compositionWidth" sixx.type="SmallInteger" >137</sixx.object>
					<sixx.object sixx.idref="219" sixx.name="compositionHeight" ></sixx.object>
					<sixx.object sixx.idref="208" sixx.name="wordWrap" ></sixx.object>
					<sixx.object sixx.idref="24" sixx.name="fontPolicy" ></sixx.object>
					<sixx.object sixx.id="385" sixx.name="lineTable" sixx.type="OptimizedLineInformationTable" >
						<sixx.object sixx.id="386" sixx.name="lines" sixx.type="Array" >
							<sixx.object sixx.idref="28" ></sixx.object>
							<sixx.object sixx.id="387" sixx.type="SmallInteger" >24</sixx.object>
							<sixx.object sixx.id="388" sixx.type="SmallInteger" >43</sixx.object>
							<sixx.object sixx.idref="24" ></sixx.object>
						</sixx.object>
						<sixx.object sixx.idref="63" sixx.name="lastLine" ></sixx.object>
						<sixx.object sixx.idref="24" sixx.name="adjustmentStartLine" ></sixx.object>
						<sixx.object sixx.idref="24" sixx.name="adjustment" ></sixx.object>
					</sixx.object>
					<sixx.object sixx.idref="208" sixx.name="fitWidth" ></sixx.object>
				</sixx.object>
				<sixx.object sixx.id="389" sixx.name="instVarsText" sixx.type="ComposedText" >
					<sixx.object sixx.idref="24" sixx.name="textStyle" ></sixx.object>
					<sixx.object sixx.id="390" sixx.name="text" sixx.type="Text" >
						<sixx.object sixx.id="391" sixx.name="string" sixx.type="String" >cislo
cena
pocetZavazadel
prednostniNastup </sixx.object>
						<sixx.object sixx.id="392" sixx.name="runs" sixx.type="RunArray" >
							<sixx.object sixx.id="393" sixx.name="runs" sixx.type="Array" >
								<sixx.object sixx.idref="388" ></sixx.object>
							</sixx.object>
							<sixx.object sixx.id="394" sixx.name="values" sixx.type="Array" >
								<sixx.object sixx.idref="24" ></sixx.object>
							</sixx.object>
						</sixx.object>
					</sixx.object>
					<sixx.object sixx.id="395" sixx.name="compositionWidth" sixx.type="SmallInteger" >105</sixx.object>
					<sixx.object sixx.idref="283" sixx.name="compositionHeight" ></sixx.object>
					<sixx.object sixx.idref="208" sixx.name="wordWrap" ></sixx.object>
					<sixx.object sixx.idref="24" sixx.name="fontPolicy" ></sixx.object>
					<sixx.object sixx.id="396" sixx.name="lineTable" sixx.type="OptimizedLineInformationTable" >
						<sixx.object sixx.id="397" sixx.name="lines" sixx.type="Array" >
							<sixx.object sixx.idref="28" ></sixx.object>
							<sixx.object sixx.idref="299" ></sixx.object>
							<sixx.object sixx.id="398" sixx.type="SmallInteger" >12</sixx.object>
							<sixx.object sixx.id="399" sixx.type="SmallInteger" >27</sixx.object>
							<sixx.object sixx.id="400" sixx.type="SmallInteger" >44</sixx.object>
							<sixx.object sixx.idref="24" ></sixx.object>
							<sixx.object sixx.idref="24" ></sixx.object>
						</sixx.object>
						<sixx.object sixx.id="401" sixx.name="lastLine" sixx.type="SmallInteger" >4</sixx.object>
						<sixx.object sixx.idref="24" sixx.name="adjustmentStartLine" ></sixx.object>
						<sixx.object sixx.idref="24" sixx.name="adjustment" ></sixx.object>
					</sixx.object>
					<sixx.object sixx.idref="208" sixx.name="fitWidth" ></sixx.object>
				</sixx.object>
				<sixx.object sixx.id="402" sixx.name="compositionConnections" sixx.type="Set" >
					<sixx.object sixx.id="403" sixx.type="DaskalosCompositionConnection" >
						<sixx.object sixx.idref="373" sixx.name="fromSymbol" ></sixx.object>
						<sixx.object sixx.idref="270" sixx.name="toSymbol" ></sixx.object>
						<sixx.object sixx.id="404" sixx.name="name" sixx.type="String" >patri</sixx.object>
						<sixx.object sixx.idref="352" sixx.name="cardinality" ></sixx.object>
						<sixx.object sixx.idref="353" sixx.name="stereotype" ></sixx.object>
						<sixx.object sixx.idref="24" sixx.name="fromPoint" ></sixx.object>
						<sixx.object sixx.idref="24" sixx.name="toPoint" ></sixx.object>
						<sixx.object sixx.id="405" sixx.name="controlPoints" sixx.type="List" >
							<sixx.object sixx.idref="24" ></sixx.object>
						</sixx.object>
					</sixx.object>
					<sixx.object sixx.id="406" sixx.type="DaskalosCompositionConnection" >
						<sixx.object sixx.idref="373" sixx.name="fromSymbol" ></sixx.object>
						<sixx.object sixx.idref="197" sixx.name="toSymbol" ></sixx.object>
						<sixx.object sixx.id="407" sixx.name="name" sixx.type="String" >rezervovaneMisto</sixx.object>
						<sixx.object sixx.idref="352" sixx.name="cardinality" ></sixx.object>
						<sixx.object sixx.idref="353" sixx.name="stereotype" ></sixx.object>
						<sixx.object sixx.idref="24" sixx.name="fromPoint" ></sixx.object>
						<sixx.object sixx.idref="24" sixx.name="toPoint" ></sixx.object>
						<sixx.object sixx.id="408" sixx.name="controlPoints" sixx.type="List" >
							<sixx.object sixx.idref="24" ></sixx.object>
						</sixx.object>
					</sixx.object>
					<sixx.object sixx.id="409" sixx.type="DaskalosCompositionConnection" >
						<sixx.object sixx.idref="373" sixx.name="fromSymbol" ></sixx.object>
						<sixx.object sixx.idref="319" sixx.name="toSymbol" ></sixx.object>
						<sixx.object sixx.id="410" sixx.name="name" sixx.type="String" >spoj</sixx.object>
						<sixx.object sixx.idref="352" sixx.name="cardinality" ></sixx.object>
						<sixx.object sixx.idref="353" sixx.name="stereotype" ></sixx.object>
						<sixx.object sixx.idref="24" sixx.name="fromPoint" ></sixx.object>
						<sixx.object sixx.idref="24" sixx.name="toPoint" ></sixx.object>
						<sixx.object sixx.id="411" sixx.name="controlPoints" sixx.type="List" >
							<sixx.object sixx.idref="24" ></sixx.object>
						</sixx.object>
					</sixx.object>
				</sixx.object>
			</sixx.object>
			<sixx.object sixx.id="412" sixx.type="DaskalosCollectionSymbol" >
				<sixx.object sixx.idref="191" sixx.name="subject" ></sixx.object>
				<sixx.object sixx.id="413" sixx.name="position" sixx.type="Rectangle" >
					<sixx.object sixx.id="414" sixx.name="origin" sixx.type="Point" >520@30</sixx.object>
					<sixx.object sixx.id="415" sixx.name="corner" sixx.type="Point" >620@113</sixx.object>
				</sixx.object>
				<sixx.object sixx.id="416" sixx.name="name" sixx.type="String" >LetisteSet</sixx.object>
				<sixx.object sixx.id="417" sixx.name="borderPoints" sixx.type="List" >
					<sixx.object sixx.id="418" sixx.type="Point" >520@46</sixx.object>
					<sixx.object sixx.id="419" sixx.type="Point" >570@30</sixx.object>
					<sixx.object sixx.id="420" sixx.type="Point" >620@46</sixx.object>
					<sixx.object sixx.id="421" sixx.type="Point" >620@97</sixx.object>
					<sixx.object sixx.id="422" sixx.type="Point" >570@113</sixx.object>
					<sixx.object sixx.id="423" sixx.type="Point" >520@97</sixx.object>
					<sixx.object sixx.idref="418" ></sixx.object>
				</sixx.object>
				<sixx.object sixx.id="424" sixx.name="innerRectangle" sixx.type="Rectangle" >
					<sixx.object sixx.id="425" sixx.name="origin" sixx.type="Point" >521@47</sixx.object>
					<sixx.object sixx.id="426" sixx.name="corner" sixx.type="Point" >619@96</sixx.object>
				</sixx.object>
			</sixx.object>
		</sixx.object>
		<sixx.object sixx.id="427" sixx.name="diagramConnections" sixx.type="Set" >
			<sixx.object sixx.id="428" sixx.type="DaskalosElementConnection" >
				<sixx.object sixx.idref="241" sixx.name="fromSymbol" ></sixx.object>
				<sixx.object sixx.idref="412" sixx.name="toSymbol" ></sixx.object>
			</sixx.object>
			<sixx.object sixx.id="429" sixx.type="DaskalosElementConnection" >
				<sixx.object sixx.idref="373" sixx.name="fromSymbol" ></sixx.object>
				<sixx.object sixx.idref="304" sixx.name="toSymbol" ></sixx.object>
			</sixx.object>
			<sixx.object sixx.id="430" sixx.type="DaskalosCompositionConnection" >
				<sixx.object sixx.idref="373" sixx.name="fromSymbol" ></sixx.object>
				<sixx.object sixx.idref="319" sixx.name="toSymbol" ></sixx.object>
				<sixx.object sixx.id="431" sixx.name="name" sixx.type="String" >spoj</sixx.object>
				<sixx.object sixx.idref="352" sixx.name="cardinality" ></sixx.object>
				<sixx.object sixx.idref="353" sixx.name="stereotype" ></sixx.object>
				<sixx.object sixx.id="432" sixx.name="fromPoint" sixx.type="Point" >420@380</sixx.object>
				<sixx.object sixx.id="433" sixx.name="toPoint" sixx.type="Point" >(3670/19)@310</sixx.object>
				<sixx.object sixx.id="434" sixx.name="controlPoints" sixx.type="List" >
					<sixx.object sixx.id="435" sixx.type="Point" >325@380</sixx.object>
					<sixx.object sixx.id="436" sixx.type="Point" >230@380</sixx.object>
					<sixx.object sixx.id="437" sixx.type="Point" >(4020/19)@345</sixx.object>
				</sixx.object>
			</sixx.object>
			<sixx.object sixx.id="438" sixx.type="DaskalosCompositionConnection" >
				<sixx.object sixx.idref="373" sixx.name="fromSymbol" ></sixx.object>
				<sixx.object sixx.idref="197" sixx.name="toSymbol" ></sixx.object>
				<sixx.object sixx.id="439" sixx.name="name" sixx.type="String" >rezervovaneMisto</sixx.object>
				<sixx.object sixx.idref="352" sixx.name="cardinality" ></sixx.object>
				<sixx.object sixx.idref="353" sixx.name="stereotype" ></sixx.object>
				<sixx.object sixx.id="440" sixx.name="fromPoint" sixx.type="Point" >590@(6045/22)</sixx.object>
				<sixx.object sixx.id="441" sixx.name="toPoint" sixx.type="Point" >760@(3835/22)</sixx.object>
				<sixx.object sixx.id="442" sixx.name="controlPoints" sixx.type="List" >
					<sixx.object sixx.id="443" sixx.type="Point" >675@(2470/11)</sixx.object>
				</sixx.object>
			</sixx.object>
			<sixx.object sixx.id="444" sixx.type="DaskalosElementConnection" >
				<sixx.object sixx.idref="270" sixx.name="fromSymbol" ></sixx.object>
				<sixx.object sixx.idref="358" sixx.name="toSymbol" ></sixx.object>
			</sixx.object>
			<sixx.object sixx.id="445" sixx.type="DaskalosCompositionConnection" >
				<sixx.object sixx.idref="373" sixx.name="fromSymbol" ></sixx.object>
				<sixx.object sixx.idref="270" sixx.name="toSymbol" ></sixx.object>
				<sixx.object sixx.id="446" sixx.name="name" sixx.type="String" >patri</sixx.object>
				<sixx.object sixx.idref="352" sixx.name="cardinality" ></sixx.object>
				<sixx.object sixx.idref="353" sixx.name="stereotype" ></sixx.object>
				<sixx.object sixx.id="447" sixx.name="fromPoint" sixx.type="Point" >590@(23065/66)</sixx.object>
				<sixx.object sixx.id="448" sixx.name="toPoint" sixx.type="Point" >750@(26105/66)</sixx.object>
				<sixx.object sixx.id="449" sixx.name="controlPoints" sixx.type="List" >
					<sixx.object sixx.id="450" sixx.type="Point" >670@(745/2)</sixx.object>
				</sixx.object>
			</sixx.object>
			<sixx.object sixx.id="451" sixx.type="DaskalosCompositionConnection" >
				<sixx.object sixx.idref="319" sixx.name="fromSymbol" ></sixx.object>
				<sixx.object sixx.idref="241" sixx.name="toSymbol" ></sixx.object>
				<sixx.object sixx.id="452" sixx.name="name" sixx.type="String" >naLetiste</sixx.object>
				<sixx.object sixx.idref="352" sixx.name="cardinality" ></sixx.object>
				<sixx.object sixx.idref="353" sixx.name="stereotype" ></sixx.object>
				<sixx.object sixx.id="453" sixx.name="fromPoint" sixx.type="Point" >210@270</sixx.object>
				<sixx.object sixx.id="454" sixx.name="toPoint" sixx.type="Point" >360@160</sixx.object>
				<sixx.object sixx.id="455" sixx.name="controlPoints" sixx.type="List" >
					<sixx.object sixx.id="456" sixx.type="Point" >285@270</sixx.object>
					<sixx.object sixx.id="457" sixx.type="Point" >360@270</sixx.object>
					<sixx.object sixx.id="458" sixx.type="Point" >360@215</sixx.object>
				</sixx.object>
			</sixx.object>
			<sixx.object sixx.id="459" sixx.type="DaskalosElementConnection" >
				<sixx.object sixx.idref="319" sixx.name="fromSymbol" ></sixx.object>
				<sixx.object sixx.idref="226" sixx.name="toSymbol" ></sixx.object>
			</sixx.object>
			<sixx.object sixx.id="460" sixx.type="DaskalosCompositionConnection" >
				<sixx.object sixx.idref="319" sixx.name="fromSymbol" ></sixx.object>
				<sixx.object sixx.idref="241" sixx.name="toSymbol" ></sixx.object>
				<sixx.object sixx.id="461" sixx.name="name" sixx.type="String" >zLetiste</sixx.object>
				<sixx.object sixx.idref="352" sixx.name="cardinality" ></sixx.object>
				<sixx.object sixx.idref="353" sixx.name="stereotype" ></sixx.object>
				<sixx.object sixx.id="462" sixx.name="fromPoint" sixx.type="Point" >210@230</sixx.object>
				<sixx.object sixx.id="463" sixx.name="toPoint" sixx.type="Point" >330@160</sixx.object>
				<sixx.object sixx.id="464" sixx.name="controlPoints" sixx.type="List" >
					<sixx.object sixx.id="465" sixx.type="Point" >270@230</sixx.object>
					<sixx.object sixx.id="466" sixx.type="Point" >330@230</sixx.object>
					<sixx.object sixx.id="467" sixx.type="Point" >330@195</sixx.object>
				</sixx.object>
			</sixx.object>
		</sixx.object>
	</sixx.object>
</sixx>